검색일자,제품명,현재가격,정가,배송비,상품링크,쇼핑몰명
2024-12-09,수도배관자재 <b>PB</b> 부속 수도관 파이프 연결 에이콘 양<b>엘보 15A</b>,450,,배송비 정보는 API에서 제공하지 않습니다,https://smartstore.naver.com/main/products/5180846875,클린기업
2024-12-09,<b>PB</b> 파이프 <b>15A</b> 6M 직관 에이콘 배관부품 연결,4200,,배송비 정보는 API에서 제공하지 않습니다,https://smartstore.naver.com/main/products/7277178035,배관공구마켓
2024-12-09,<b>PB</b> 파이프 부속 <b>엘보 15A</b> 에이콘 수도부속 배관자재 직관 보온 롤,450,,배송비 정보는 API에서 제공하지 않습니다,https://smartstore.naver.com/main/products/8839303181,스타배관
2024-12-09,<b>PB엘보 15A</b> 에이콘 수도 니플 배관자재 설비 슬리브 파이프,630,,배송비 정보는 API에서 제공하지 않습니다,https://smartstore.naver.com/main/products/535650863,박인배관
2024-12-09,수도 배관자재 <b>PB</b>부속 단수전<b>엘보 15A</b>(슬리브포함) 설비 피비 에이콘 파이프 난방,2800,,배송비 정보는 API에서 제공하지 않습니다,https://smartstore.naver.com/main/products/7367842850,철물지존
2024-12-09,<b>PB</b> 에이콘 연결부속 ASTM 구KS 스피갓 <b>엘보 15A</b>,1760,,배송비 정보는 API에서 제공하지 않습니다,https://smartstore.naver.com/main/products/10638916920,천지배관
2024-12-09,<b>PB 엘보 15A</b> <b>PB</b>부속,570,,배송비 정보는 API에서 제공하지 않습니다,https://search.shopping.naver.com/catalog/30564914171,네이버
2024-12-09,<b>PB 엘보 15A</b> 배관 자재 수도 부속,730,,배송비 정보는 API에서 제공하지 않습니다,https://smartstore.naver.com/main/products/4253640954,이편한자재
2024-12-09,<b>PB 엘보 15A</b> BOX 50개 <b>PB</b>부속,24200,,배송비 정보는 API에서 제공하지 않습니다,https://search.shopping.naver.com/catalog/30666393577,네이버
2024-12-09,원터치 <b>PB</b> 일체형 <b>엘보 15A</b> BOX 50개 GP <b>PB</b>부속,35200,,배송비 정보는 API에서 제공하지 않습니다,https://search.shopping.naver.com/catalog/30357785080,네이버
