검색일자,제품명,현재가격,정가,상품링크,쇼핑몰명
2024-12-11,<b>수도계량기</b> 고무패킹 15A 20A 25A 32A 40A 50A 연결 박킹 유니온 고무 링,40,,https://smartstore.naver.com/main/products/10012493479,원종합상사 수도 배관 자재
2024-12-11,<b>수도계량기</b> 고무패킹 나사식 전용 NBR,80,,https://smartstore.naver.com/main/products/5225472114,계량기마켓
2024-12-11,15mm <b>수도계량기</b>용 고무박킹 수도 배관 자재 부속 패킹 가스켓,80,,https://smartstore.naver.com/main/products/5860250012,계량기마켓
2024-12-11,20mm <b>수도계량기</b>용 고무박킹 수도 배관 자재 부속 패킹 가스켓,120,,https://smartstore.naver.com/main/products/5225476774,계량기마켓
2024-12-11,25mm <b>수도계량기</b>용 고무박킹 수도 배관 자재 부속 패킹 가스켓,130,,https://smartstore.naver.com/main/products/5225478360,계량기마켓
2024-12-11,32mm <b>수도계량기</b>용 고무박킹 수도 배관 자재 부속 패킹 가스켓,150,,https://smartstore.naver.com/main/products/5225479174,계량기마켓
2024-12-11,40mm <b>수도계량기</b>용 고무박킹 수도 배관 자재 부속,180,,https://smartstore.naver.com/main/products/5225480675,계량기마켓
2024-12-11,40mm <b>수도계량기</b>용 고무박킹 수도 배관 자재 부속 패킹 가스켓,200,,https://smartstore.naver.com/main/products/7856706464,계량기마켓
2024-12-11,50mm <b>수도계량기</b>용 고무박킹 수도 배관 자재 부속 패킹 가스켓,250,,https://smartstore.naver.com/main/products/5225481570,계량기마켓
2024-12-11,<b>수도계량기</b>함 위 물건적재금지 시안1 산업스티커 15x5cm,1000,,https://smartstore.naver.com/main/products/7527823573,베사메무쵸
2024-12-11,<b>수도계량기</b> 보온 덮개 동파방지커버 보온재 커버 단열,1000,,https://invoc.co.kr/product/detail.html?product_no=32898&cate_no=56&display_group=1&cafe_mkt=naver_ks&mkt_in=Y&ghost_mall_id=naver&ref=naver_open,INVOC
2024-12-11,동파방지커버 <b>수도계량기</b> 수도꼭지 동파방지 수도덮개,1060,,https://smartstore.naver.com/main/products/11029860082,duon71
2024-12-11,<b>수도계량기</b> 검침표 PVC점착 케이스,1200,,https://smartstore.naver.com/main/products/8823895292,에덴티엠 스토어
2024-12-11,테프론 테이프 부동전 고추대 고추 지지대 <b>수도계량기</b>,1210,,https://smartstore.naver.com/main/products/5522360596,규즈몰
2024-12-11,동파방지커버 <b>수도계량기</b> 수도꼭지 동파방지 수도덮개,1220,,https://hodustore.sellerq.com//shop/goods_view.php?id=0001526987,호두상점
2024-12-11,동파방지커버 <b>수도계량기</b> 수도꼭지 동파방지 수도덮개,1340,,https://smartstore.naver.com/main/products/10511359101,도매킴
2024-12-11,우체통키 사물함 보관함 락커룸 배전기 상자 기계장 도어록 <b>수도계량기</b> 사서함공업 전기계량기,1470,,https://smartstore.naver.com/main/products/6010065062,직구무역
2024-12-11,<b>수도계량기</b> 보관함 흰색배경 스티커 표지판(100x25mm),1500,,https://smartstore.naver.com/main/products/8977658345,에덴티엠 스토어
2024-12-11,"<b>수도계량기</b> 보온덮개(일반,지퍼형)",1700,,http://window21.co.kr/?act=shop.goods_view&GS=29&GC=GD0C&open_market=1,젤롱
2024-12-11,동파방지커버 <b>수도계량기</b> 수도꼭지 동파방지 수도덮개,1728,,https://deansemarket.shop/goods/goods_view.php?goodsNo=1000023159&inflow=naver,딘이쇼핑
2024-12-11,동파방지커버 <b>수도계량기</b> 수도꼭지 동파방지 수도덮개,1830,,https://delivery2022.co.kr/goods/goods_view.php?goodsNo=1000421877&inflow=naver,배달의마트
2024-12-11,동파방지커버 <b>수도계량기</b> 수도꼭지 동파방지 수도덮개,1876,,https://gwm.kr/goods/goods_view.php?goodsNo=1000051321&inflow=naver,세일마켓GW
2024-12-11,아티론보온재 배관보온재 파이프 아트론 단열재 결로 수도관 동파 <b>수도계량기</b>보온,1900,,https://smartstore.naver.com/main/products/7151069137,노리터존
2024-12-11,쏭이네 <b>수도계량기</b>동파 방지 수도꼭지 야외 부품 보온 덮개 커버 수전 동파방지,1900,,https://smartstore.naver.com/main/products/9608872212,쏭이네 방구석쇼핑
2024-12-11,동파방지커버 <b>수도계량기</b> 수도꼭지 동파방지 수도덮개,1991,,http://ipayprimrose00229.godomall.com/goods/goods_view.php?goodsNo=1000183459&inflow=naver,어텀스토어
2024-12-11,<b>수도계량기</b> 보관함 자석스티커 100mmx25mm,2000,,https://smartstore.naver.com/main/products/8984853567,스티커와 친구들
2024-12-11,동파방지 수도꼭지 <b>수도계량기</b> 보온 단열 덮개 커버,2000,,https://smartstore.naver.com/main/products/11098064252,원픽마켓 스토어
2024-12-11,동파방지커버 <b>수도계량기</b> 수도꼭지 동파방지 수도덮개,2010,,http://bluecommerce36.godomall.com/goods/goods_view.php?goodsNo=1000047258&inflow=naver,블루샵
2024-12-11,동파방지커버 <b>수도계량기</b> 수도꼭지 동파방지 수도덮개,2030,,https://smartstore.naver.com/main/products/10233189141,챈지윙몰03
2024-12-11,동파방지커버 <b>수도계량기</b> 수도꼭지 동파방지 수도덮개,2040,,https://smartstore.naver.com/main/products/10852364215,지에이치온
2024-12-11,[베르디노] <b>수도계량기</b>동파방지 수도관동파 보온덮개 보온재 커버,2050,,https://www.lotteon.com/p/product/LO2337277025?sitmNo=LO2337277025_2337277026&ch_no=100065&ch_dtl_no=1000030&entryPoint=pcs&dp_infw_cd=CHT,롯데ON
2024-12-11,동파방지커버 <b>수도계량기</b> 수도꼭지 동파방지 수도덮개,2050,,https://smartstore.naver.com/main/products/10633061142,엠더블유컴
2024-12-11,동파방지커버 <b>수도계량기</b> 수도꼭지 동파방지 수도덮개,2100,,https://smartstore.naver.com/main/products/9601375750,이에스컴퍼니 유통
2024-12-11,[15A] 계량기용 유니온 1개 <b>수도계량기</b> 니플 닛플 니쁠,2100,,https://smartstore.naver.com/main/products/5931952582,다음정밀계기
2024-12-11,쏭이네 세탁기 호스 2m 보온 동파 방지 수도관 보일러 <b>수도계량기</b> 배관 파이프 단열 재,2100,,https://smartstore.naver.com/main/products/9641340324,쏭이네 방구석쇼핑
2024-12-11,동파방지커버 <b>수도계량기</b> 수도꼭지 동파방지 수도덮개 수도꼭지부품 수도꼭지부속품 덮개 겨울대,2100,,https://smartstore.naver.com/main/products/10944243036,데일리캡
2024-12-11,동파방지커버 <b>수도계량기</b> 수도꼭지 동파방지 수도덮개,2100,,https://smartstore.naver.com/main/products/11097264865,오토마톤
2024-12-11,동파방지 배관보온재 수도관 보일러 호스 에어컨배관 파이프단열제 세탁기 <b>수도계량기</b> 난연보온,2100,,https://smartstore.naver.com/main/products/9580445706,리노 스토어
2024-12-11,동파방지 수도꼭지 <b>수도계량기</b> 보온 단열 덮개 커버,2120,,http://hosoo82675.godomall.com/goods/goods_view.php?goodsNo=1000676728&inflow=naver,로그타운
2024-12-11,엘리베이터 삼각키 공용형 만능열차 수도꼭지 <b>수도계량기</b> 스위치 내삼각 다용도 원키_626459812539,2120,,https://hit100.co.kr/product/detail.html?product_no=483136&cate_no=235&display_group=1&cafe_mkt=naver_ks&mkt_in=Y&ghost_mall_id=naver&ref=naver_open,ICSHOP
2024-12-11,동파방지커버 <b>수도계량기</b> 수도꼭지 동파방지 수도덮개,2150,,https://www.lotteon.com/p/product/LO2406287825?sitmNo=LO2406287825_2406287826&ch_no=100065&ch_dtl_no=1000030&entryPoint=pcs&dp_infw_cd=CHT,롯데ON
2024-12-11,st2 동파방지커버 <b>수도계량기</b> 수도꼭지 동파방지 수도덮개ㄴ수도꼭지부품 수도꼭지부속품 수도꼭지 덮개 겨,2150,,https://smartstore.naver.com/main/products/11219684115,모두모2
2024-12-11,이음매 <b>수도계량기</b> 부속 변경직내외사 변환 활 직통 워터펌프 4부 6부 1인치 2인치_660486499002,2170,,https://hit100.co.kr/product/detail.html?product_no=508485&cate_no=235&display_group=1&cafe_mkt=naver_ks&mkt_in=Y&ghost_mall_id=naver&ref=naver_open,ICSHOP
2024-12-11,<b>수도계량기</b> 동파방지뽁뽁이 동파방지커버 비닐덮개 상수도사업소,2200,,https://smartstore.naver.com/main/products/5214656690,집으로 유통
2024-12-11,동파방지커버 <b>수도계량기</b> 수도꼭지 동파방지 수도덮개,2210,,https://smartstore.naver.com/main/products/9747645287,스토어 일상
2024-12-11,<b>수도계량기</b>필터 세면대 수도정수필터 싱크대 화장실,2210,,https://smartstore.naver.com/main/products/9458782192,당일발송스토어
2024-12-11,[셀러허브 1][베르디노] <b>수도계량기</b>동파방지 수도관동파 보온덮개 보온재 커버,2210,,https://www.skstoa.com/display/goods/42929228?mediaCode=EP05&utm_source=naver&utm_medium=affiliate&utm_campaign=shopping,SK스토아
2024-12-11,동파방지커버 <b>수도계량기</b> 수도꼭지 동파방지 수도덮개,2210,,https://smartstore.naver.com/main/products/10951404569,삶에 도움이 되는 물건들
2024-12-11,<b>수도계량기</b>동파방지 수도관동파 보온덮개 보온재 커버,2220,,http://hosoo82675.godomall.com/goods/goods_view.php?goodsNo=1000665957&inflow=naver,로그타운
2024-12-11,동파방지 수도꼭지 <b>수도계량기</b> 보온 단열 덮개 커버,2220,,https://flextore.co.kr/goods/goods_view.php?goodsNo=1000370941&inflow=naver,플렉스토어
2024-12-11,동파방지커버 <b>수도계량기</b> 수도꼭지 동파방지 수도덮개 수도꼭지부품 수도꼭지부속품 수도꼭지 덮개 겨울대,2230,,https://smartstore.naver.com/main/products/11003078100,큐티글로벌72
2024-12-11,동파방지커버 <b>수도계량기</b> 수도꼭지 동파방지 수도덮개,2240,,https://smartstore.naver.com/main/products/11089563062,컨넥터롤
2024-12-11,동파방지커버 <b>수도계량기</b> 수도꼭지 동파방지 수도덮개 품 단열커버 수도꼭지부 겨울대비 덮개 동파방지보호,2260,,https://smartstore.naver.com/main/products/10534349025,울누나몰
2024-12-11,동파방지커버 <b>수도계량기</b> 수도꼭지 동파방지 수도덮개,2270,,https://smartstore.naver.com/main/products/11216491679,오소리구멍가게
2024-12-11,동파방지커버 <b>수도계량기</b>,2290,,https://smartstore.naver.com/main/products/10628350389,백세상
2024-12-11,<b>수도계량기</b>동파방지 수도관동파 배관보온재 파이프 보일러,2300,,https://smartstore.naver.com/main/products/6150781470,라쿤이네
2024-12-11,<b>수도계량기</b>보온 동파방지 커버 수도꼭지 수도덮개 단열커버,2300,,https://smartstore.naver.com/main/products/6114918304,다다상사마켓
2024-12-11,동파방지커버 <b>수도계량기</b> 수도꼭지 동파방지 수도덮개,2320,,https://smartstore.naver.com/main/products/11196277613,바이이지스토어
2024-12-11,동파방지커버 <b>수도계량기</b> 수도꼭지 동파방지 수도덮개,2330,,https://smartstore.naver.com/main/products/11188851194,지9샵
2024-12-11,동파방지커버 <b>수도계량기</b> 수도꼭지 동파방지 수도덮개,2330,,https://smartstore.naver.com/main/products/9630307295,E.LUDA
2024-12-11,동파방지커버 <b>수도계량기</b> 수도꼭지 동파방지,2340,,https://smartstore.naver.com/main/products/11130189494,DAOLPLUS
2024-12-11,수도덮개 수도꼭지 동파방지 동파방지커버 <b>수도계량기</b>,2340,,https://blueicon55.cafe24.com/product/detail.html?product_no=6901&cate_no=28&display_group=1&cafe_mkt=naver_ks&mkt_in=Y&ghost_mall_id=naver&ref=naver_open,블루마켓
2024-12-11,동파방지커버 <b>수도계량기</b> 수도꼭지 동파방지,2340,,https://smartstore.naver.com/main/products/9584754562,NA.NA
2024-12-11,동파방지커버 <b>수도계량기</b> 수도꼭지 동파방지 수도덮개/수도꼭지부속품/수도꼭지/덮개/겨울대비/동파방지보호덮개/보온커버/단열커버/동파커버/수도꼭지덮개,2350,,https://smartstore.naver.com/main/products/8110281670,아호쇼핑
2024-12-11,동파방지커버 <b>수도계량기</b> 수도꼭지 동파방지 수도덮개/수도꼭지부속품/수도꼭지/덮개/겨울대비/동파방지보호덮개/보온커버/단열커버/동파커버/수도꼭지덮개,2350,,https://smartstore.naver.com/main/products/8053642813,아호랜드
2024-12-11,동파방지커버 <b>수도계량기</b> 수도꼭지 동파방지 수도덮개,2380,,https://smartstore.naver.com/main/products/6369240842,다팔까
2024-12-11,동파방지커버 <b>수도계량기</b> 수도꼭지 동파방지 수도덮개,2390,,https://smartstore.naver.com/main/products/9678280305,수피아 9504
2024-12-11,신주 이경 유니온 후렌치 닛플 (20F-15M) 4.6cm <b>수도계량기</b> 연결대 닛쁠니플,2400,,https://smartstore.naver.com/main/products/6944856604,로얄배관몰
2024-12-11,우주전열 히터선(일반형PVC) 1M<b>수도계량기</b>동파방지,2400,,https://smartstore.naver.com/main/products/9665932750,우성전업사
2024-12-11,<b>수도계량기</b> 수도꼭지 동파방지 커버 덮개,2410,,http://hosoo82675.godomall.com/goods/goods_view.php?goodsNo=1000639092&inflow=naver,로그타운
2024-12-11,동파방지 수도꼭지 <b>수도계량기</b> 보온 단열 덮개 커버,2418,,http://ipayprimrose00229.godomall.com/goods/goods_view.php?goodsNo=1000320200&inflow=naver,어텀스토어
2024-12-11,수도 동파방지커버 <b>수도계량기</b> 꼭지 동파방지 덮개 꼭지부속품,2430,,https://smartstore.naver.com/main/products/8802366443,효성시장
2024-12-11,동파방지커버 <b>수도계량기</b> 수도꼭지 동파방지 수도덮개,2440,,https://www.lotteon.com/p/product/LO2403268977?sitmNo=LO2403268977_2403268978&ch_no=100065&ch_dtl_no=1000030&entryPoint=pcs&dp_infw_cd=CHT,롯데ON
2024-12-11,YWSTORE 동파방지 커버 수도동파방지커버 세탁기수도커버 <b>수도계량기</b>동파방지커버,2440,,https://www.lotteon.com/p/product/LO2406404787?sitmNo=LO2406404787_2406404788&ch_no=100065&ch_dtl_no=1000030&entryPoint=pcs&dp_infw_cd=CHT,롯데ON
2024-12-11,동파방지커버 <b>수도계량기</b> 동파방지 수도덮개 동파방지보호덮개 수도꼭지부품 보온커버 수도 겨울대비 수도꼭지 단열커버 수도꼭지부속품 덮개,2440,,https://smartstore.naver.com/main/products/11176401609,풀픽 seven
2024-12-11,설마켓 수도 동파방지 커버 수도꼭지동파방지커버 동파방지보온커버 <b>수도계량기</b>동파방지커버,2450,,https://www.lotteon.com/p/product/LO2392747620?sitmNo=LO2392747620_2392747621&ch_no=100065&ch_dtl_no=1000030&entryPoint=pcs&dp_infw_cd=CHT,롯데ON
2024-12-11,우람상점 수도 동파방지 커버 파스형 계량기용 <b>수도계량기</b>,2470,,https://www.lotteon.com/p/product/LO2402133971?sitmNo=LO2402133971_2402133972&ch_no=100065&ch_dtl_no=1000030&entryPoint=pcs&dp_infw_cd=CHT,롯데ON
2024-12-11,보기씨 수도 동파방지 커버 보일러동파방지 <b>수도계량기</b> 수도관,2470,,https://www.lotteon.com/p/product/LO2362386025?sitmNo=LO2362386025_2362386026&ch_no=100065&ch_dtl_no=1000030&entryPoint=pcs&dp_infw_cd=CHT,롯데ON
2024-12-11,뮤르가즘 수도 동파방지 커버 수도배관자재 수도배관 <b>수도계량기</b>,2470,,https://www.lotteon.com/p/product/LO2381224703?sitmNo=LO2381224703_2381224704&ch_no=100065&ch_dtl_no=1000030&entryPoint=pcs&dp_infw_cd=CHT,롯데ON
2024-12-11,수도 보온 동파방지 방수 커버 욕실수도꼭지 세탁기동파방지커버 <b>수도계량기</b>동파방지커버,2470,,https://www.lotteon.com/p/product/LO2396743258?sitmNo=LO2396743258_2396743259&ch_no=100065&ch_dtl_no=1000030&entryPoint=pcs&dp_infw_cd=CHT,롯데ON
2024-12-11,아워온띵 수도 동파방지 커버 야외수도꼭지동파방지 수도배관자재 <b>수도계량기</b>동파방지커버,2470,,https://www.lotteon.com/p/product/LO2355179345?sitmNo=LO2355179345_2355179346&ch_no=100065&ch_dtl_no=1000030&entryPoint=pcs&dp_infw_cd=CHT,롯데ON
2024-12-11,희샵 수도 동파방지 커버 동파방지수도꼭지 <b>수도계량기</b>동파방지커버 겨울동파방지수도,2470,,https://www.lotteon.com/p/product/LO2369548088?sitmNo=LO2369548088_2369548089&ch_no=100065&ch_dtl_no=1000030&entryPoint=pcs&dp_infw_cd=CHT,롯데ON
2024-12-11,newstory 수도 동파방지 커버 <b>수도계량기</b> 커버  보온덮개  동파방지커버  <b>수도계량기</b>보온  계량기동파방지 마당 자,2470,,https://www.lotteon.com/p/product/LO2366408429?sitmNo=LO2366408429_2366408430&ch_no=100065&ch_dtl_no=1000030&entryPoint=pcs&dp_infw_cd=CHT,롯데ON
2024-12-11,초이마켓 수도 동파방지 커버 <b>수도계량기</b>동파방지커버 수도관보온 배관덮개,2480,,https://www.lotteon.com/p/product/LO2383615594?sitmNo=LO2383615594_2383615595&ch_no=100065&ch_dtl_no=1000030&entryPoint=pcs&dp_infw_cd=CHT,롯데ON
2024-12-11,설마켓 수도 동파방지 커버 수도꼭지동파방지커버 수도관동파방지 수도동파방지보온커버 <b>수도계량기</b>동파방지커버 수도배관자재,2480,,https://smartstore.naver.com/main/products/11142403436,이설마켓
2024-12-11,추천4716 수도 동파방지 커버 <b>수도계량기</b>보온재 <b>수도계량기</b>동파방지커버 수도냉기차단커버 수도꼭지단열커버 수도꼭지보온재,2480,,https://smartstore.naver.com/main/products/11215967626,추천 4716
2024-12-11,설마켓 수도 동파방지 커버 수도꼭지동파방지커버 수도관동파방지 수도동파방지보온커버 <b>수도계량기</b>동파방지커버 수도배관자재,2480,,https://smartstore.naver.com/main/products/11142403436,이설마켓
2024-12-11,수도꼭지 동파방지 커버 동파방지 <b>수도계량기</b> 마당 정원 베란다 세탁실 실외 덮개 주머니,2500,,https://smartstore.naver.com/main/products/5953749954,뉴럭마켓
2024-12-11,동파방지커버 <b>수도계량기</b> 수도꼭지 동파방지 수도덮개,2500,,https://smartstore.naver.com/main/products/6784425175,무동
2024-12-11,야외 수전 옥외 수도 동파방지 보온 보호 커버 수도꼭지 덮개 <b>수도계량기</b> 방한,2500,,https://smartstore.naver.com/main/products/7322945719,리마이샵
2024-12-11,동파방지커버 <b>수도계량기</b> 수도꼭지 동파방지 수도덮개,2500,,https://seahorsecat.store/surl/P/7819,해마켓
2024-12-11,<b>수도계량기</b>동파방지 수도관동파 보온덮개 보온재 커버,2505,,http://ipayprimrose00229.godomall.com/goods/goods_view.php?goodsNo=1000350403&inflow=naver,어텀스토어
2024-12-11,동파방지커버 <b>수도계량기</b>,2510,,https://smartstore.naver.com/main/products/10984778502,영스마켓몰
2024-12-11,JU JANGBAGUNI 수도 동파방지 커버 <b>수도계량기</b>동파방지커버 외부수도동파방지 수도꼭지동파방지커버보온덮개,2540,,https://www.lotteon.com/p/product/LO2382248455?sitmNo=LO2382248455_2382248456&ch_no=100065&ch_dtl_no=1000030&entryPoint=pcs&dp_infw_cd=CHT,롯데ON
2024-12-11,st3 동파방지 수도꼭지 <b>수도계량기</b> 보온 단열 덮개 커버ㄴ수도꼭지부품 수도꼭지부속품 수도꼭지 덮개 겨울,2550,,https://smartstore.naver.com/main/products/11224518960,티비타
2024-12-11,웨일베리나 수도관 동파방지 보온덮개 <b>수도계량기</b> 수도배관 우풍차단 방수 겨울 수도관용,2560,,https://smartstore.naver.com/main/products/10956907803,웨일베리나
2024-12-11,(현대Hmall) 동파방지커버 <b>수도계량기</b> 수도꼭지 동파방지 수도덮개,2570,,https://www.lotteon.com/p/product/LO2347585065?sitmNo=LO2347585065_2347585066&ch_no=100065&ch_dtl_no=1000030&entryPoint=pcs&dp_infw_cd=CHT,롯데ON
2024-12-11,샬라라 겨울 한파 수도꼭지 동파방지 덮개 수전 보온재 <b>수도계량기</b> 커버,2570,,https://smartstore.naver.com/main/products/11148683348,샬라라베야오
2024-12-11,[오너클랜] 동파방지커버 <b>수도계량기</b> 수도꼭지 동파방지 수도덮개,2590,,https://www.lotteimall.com/coop/affilGate.lotte?chl_no=141370&chl_dtl_no=2540914&returnUrl=/goods/viewGoodsDetail.lotte?goods_no=2820571614,롯데홈쇼핑
2024-12-11,동파방지열선 히팅케이블 수도관 정온전선 세탁기 배관 <b>수도계량기</b> 겨울철 센서형 일반형1m,2600,,https://smartstore.naver.com/main/products/7370197878,집안에수도
2024-12-11,동파방지커버 <b>수도계량기</b> 수도꼭지 동파방지,2600,,https://smartstore.naver.com/main/products/11196104297,도윤스테이컴퍼니
2024-12-11,동파방지커버 <b>수도계량기</b> 수도꼭지 동파방지,2600,,https://smartstore.naver.com/main/products/11222461632,도윤 유통
2024-12-11,동파방지커버 <b>수도계량기</b> 수도꼭지 동파방지 수도덮개,2630,,https://smartstore.naver.com/main/products/9551741069,차차꼬메르시오
2024-12-11,동파방지커버 <b>수도계량기</b> 수도꼭지 동파방지 수도덮개,2670,,https://smartstore.naver.com/main/products/10406801498,부성헬스케어
2024-12-11,<b>수도계량기</b>동파방지 수도관동파 보온덮개 보온재 커버,2680,,https://smartstore.naver.com/main/products/11130995839,그린나래621
2024-12-11,우체통키 사물함 보관함 락커룸 MS401 원주잠금장치장 문잠금<b>수도계량기</b>공업문잠금전기계량기,2690,,https://smartstore.naver.com/main/products/6010065123,직구무역
2024-12-11,수도덮개 동파방지커버 수도꼭지 동파방지 <b>수도계량기</b>,2700,,https://smartstore.naver.com/main/products/9615196887,BLUE ICON
2024-12-11,동파방지커버 <b>수도계량기</b> 수도꼭지 동파방지 수도덮개,2700,,http://with.gsshop.com/alia/aliaGate.gs?media=OB&ecpid=1062102244&vodFlag=N&prdseqnum=1062102244&utm_source=price&utm_medium=affiliate&utm_campaign=naver,GSSHOP
2024-12-11,st3 <b>수도계량기</b>동파방지 수도관동파 보온덮개 보온재 커버ㄴ수도꼭지부품 수도꼭지부속품 수도꼭지 덮개 겨,2700,,https://smartstore.naver.com/main/products/11203783679,티비타
2024-12-11,수도 동파방지 커버 <b>수도계량기</b>,2700,,https://smartstore.naver.com/main/products/10927819650,택배오는날
2024-12-11,겨울대비 동파방지 커버 <b>수도계량기</b> 수도꼭지 부속품 보호덮개 보온 단열,2700,,https://smartstore.naver.com/main/products/6078020321,조이코코몰
2024-12-11,동파방지커버 <b>수도계량기</b> 수도꼭지 동파방지 수도덮개 [W9A9070]..,2720,,https://www.shinsegaetvshopping.com/display/detail/64184430?inMediaCode=EC12&ckwhere=naverep,신세계라이브쇼핑
2024-12-11,동파방지 수도꼭지 <b>수도계량기</b> 보온 단열 덮개 커버,2720,,https://smartstore.naver.com/main/products/11210677802,고잉브레이브
2024-12-11,<b>수도계량기</b> 닛블 1조 전사이즈 KC제품 유니온세트 인증제품,2730,,https://smartstore.naver.com/main/products/202570653,원종합상사 수도 배관 자재
2024-12-11,<b>수도계량기</b> 닛블 1조 15mm x 2.5cm 수도미터 온수미터 유니온세트 고무박킹포함,2730,,https://smartstore.naver.com/main/products/223075543,원종합상사 수도 배관 자재
2024-12-11,<b>수도계량기</b>동파방지 수도관동파 보온덮개 보온재 커버 수도꼭지부품 수도꼭지부속품 수도꼭지 덮개,2750,,https://smartstore.naver.com/main/products/9923757803,주식회사 비트정보통신
2024-12-11,수도 동파방지 커버 외부수도동파방지커버 수도꼭지동파방지커버 <b>수도계량기</b>동파방지커버,2760,,https://www.lotteon.com/p/product/LO2396195485?sitmNo=LO2396195485_2396195486&ch_no=100065&ch_dtl_no=1000030&entryPoint=pcs&dp_infw_cd=CHT,롯데ON
2024-12-11,수도 동파방지 커버 수도동파방지커버 <b>수도계량기</b>동파방지커버 수도동파방지보온커버,2760,,https://www.lotteon.com/p/product/LO2374176834?sitmNo=LO2374176834_2374176835&ch_no=100065&ch_dtl_no=1000030&entryPoint=pcs&dp_infw_cd=CHT,롯데ON
2024-12-11,<b>수도계량기</b>동파방지 수도관동파 보온덮개 보온재 커버,2780,,https://smartstore.naver.com/main/products/11180588754,율네유통
2024-12-11,동파방지 수도꼭지 <b>수도계량기</b> 보온 단열 덮개 커버,2780,,https://smartstore.naver.com/main/products/10138452261,살림에는 살림엔
2024-12-11,후니상점 수도 동파방지 커버 <b>수도계량기</b> 수도배관 수도동파방지특대형커버,2800,,https://www.lotteon.com/p/product/LO2389794447?sitmNo=LO2389794447_2389794448&ch_no=100065&ch_dtl_no=1000030&entryPoint=pcs&dp_infw_cd=CHT,롯데ON
2024-12-11,수도 동파방지 커버 파손방지 <b>수도계량기</b>동파방지커버 배관,2800,,https://www.lotteon.com/p/product/LO2377432707?sitmNo=LO2377432707_2377432708&ch_no=100065&ch_dtl_no=1000030&entryPoint=pcs&dp_infw_cd=CHT,롯데ON
2024-12-11,수도 동파방지 커버 <b>수도계량기</b>함 수도동파방지덮개 단열재,2800,,https://www.lotteon.com/p/product/LO2401590153?sitmNo=LO2401590153_2401590154&ch_no=100065&ch_dtl_no=1000030&entryPoint=pcs&dp_infw_cd=CHT,롯데ON
2024-12-11,랄잇 수도 동파방지 커버 다용도실 <b>수도계량기</b> 베란다,2800,,https://www.lotteon.com/p/product/LO2371523799?sitmNo=LO2371523799_2371523800&ch_no=100065&ch_dtl_no=1000030&entryPoint=pcs&dp_infw_cd=CHT,롯데ON
2024-12-11,<b>수도계량기</b>동파방지 수도관동파 보온덮개 보온재 커버,2800,,https://smartstore.naver.com/main/products/10183697719,시우리스토어
2024-12-11,수도 동파방지 커버 파손방지 <b>수도계량기</b>동파방지커버 배관,2800,,https://www.lotteon.com/p/product/LO2377432707?sitmNo=LO2377432707_2377432708&ch_no=100065&ch_dtl_no=1000030&entryPoint=pcs&dp_infw_cd=CHT,롯데ON
2024-12-11,<b>수도계량기</b> 동파방지 동파방지커버 겨울대비 덮개 보온커버 수도꼭지,2820,,https://smartstore.naver.com/main/products/10927455963,사오커머스
2024-12-11,겨울철 장마철 수도 동파방지 보온덮개 방수원단 커버 <b>수도계량기</b>동파방지,2830,,https://smartstore.naver.com/main/products/11029713151,세일킹6
2024-12-11,<b>수도계량기</b>동파방지 수도관동파 보온덮개 보온재 커버,2830,,https://smartstore.naver.com/main/products/11210906256,상도랜드
2024-12-11,겨울철 장마철 수도 동파방지 방수원단 보온덮게 커버 <b>수도계량기</b>동파방지,2830,,https://smartstore.naver.com/main/products/11161839662,HW마트6
2024-12-11,<b>수도계량기</b>동파방지 수도관동파 보온덮개 보온재 커버,2850,,https://www.lotteon.com/p/product/LO2393542206?sitmNo=LO2393542206_2393542207&ch_no=100065&ch_dtl_no=1000030&entryPoint=pcs&dp_infw_cd=CHT,롯데ON
2024-12-11,동파방지 수도꼭지 <b>수도계량기</b> 보온 단열 덮개 커버,2850,,https://www.lotteon.com/p/product/LO2213346682?sitmNo=LO2213346682_2213346683&ch_no=100065&ch_dtl_no=1000030&entryPoint=pcs&dp_infw_cd=CHT,롯데ON
2024-12-11,수도꼭지 커버 대비 덮개 보온 수도 부속품 수도덮개 방지 <b>수도계량기</b> 부품 단열 보호 동파,2860,,https://smartstore.naver.com/main/products/10058998528,성실한바다돌고래
2024-12-11,동파방지커버 <b>수도계량기</b> 수도꼭지 동파방지 수도덮개,2860,,https://smartstore.naver.com/main/products/9226678518,띵똥 상점
2024-12-11,<b>수도계량기</b> 수도꼭지 동파방지 커버 덮개,2870,,https://smartstore.naver.com/main/products/7670759247,이거 어때
2024-12-11,<b>수도계량기</b> 수도꼭지 동파방지 커버 덮개,2880,,https://smartstore.naver.com/main/products/11165089024,브레인 상점
2024-12-11,동파방지커버 <b>수도계량기</b> 수도덮개 동파방지 수도꼭지,2890,,https://smartstore.naver.com/main/products/10373362238,큐브유통
2024-12-11,동파방지<b>수도계량기</b> 커버 배관 수도 보온재,2900,,https://smartstore.naver.com/main/products/9677968096,라아이
2024-12-11,동파방지커버 <b>수도계량기</b> 수도꼭지 동파방지 수도덮개,2900,,https://smartstore.naver.com/main/products/9654102769,허니맛샵
2024-12-11,야외수도동파방지 커버 덮개 베란다 <b>수도계량기</b> 상수도,2910,,https://smartstore.naver.com/main/products/9865764600,이르미마켓
2024-12-11,겨울철 장마철 수도 동파방지 보온덮개 방수원단 커버 <b>수도계량기</b>동파방지,2910,,https://smartstore.naver.com/main/products/11188577121,세일킹 SALE KING
2024-12-11,동파방지 수도꼭지 <b>수도계량기</b> 보온 단열 덮개 커버,2920,,https://smartstore.naver.com/main/products/9506477707,키노코즈
2024-12-11,동파방지덮개 커버 수도관동파방지 <b>수도계량기</b>보온재,2920,,https://smartstore.naver.com/main/products/9677248079,코리마을
2024-12-11,<b>수도계량기</b> 수도꼭지 동파방지 커버 덮개,2970,,https://smartstore.naver.com/main/products/10528014517,키리테일
2024-12-11,에브리띵셀 <b>수도계량기</b> 수도관 겨울동파 동파방지커버 비닐덮개 겨울철예방 수도동파방지 분배기커버 계량기커버,2970,,https://smartstore.naver.com/main/products/9449437249,주-에브리띵셀
2024-12-11,<b>수도계량기</b> 수도꼭지 동파방지 커버 덮개,2990,,https://smartstore.naver.com/main/products/9459211229,HYEYI
2024-12-11,<b>수도계량기</b>동파방지 수도관동파 보온덮개 보온재 커버,3000,,http://with.gsshop.com/alia/aliaGate.gs?media=OB&ecpid=1070479989&vodFlag=N&prdseqnum=1070479989&utm_source=price&utm_medium=affiliate&utm_campaign=naver,GSSHOP
2024-12-11,계량기 <b>수도계량기</b> 무배스토어샵 생활방수 벨크로타입 보온용품,3000,,https://smartstore.naver.com/main/products/9472594189,무배스토어샵
2024-12-11,동파방지커버 <b>수도계량기</b> 수도꼭지 동파방지 수도덮개,3000,,https://smartstore.naver.com/main/products/6434061132,코어채널
2024-12-11,15mm <b>수도계량기</b> 유니온세트 1개 수도 배관 자재 부속 파이프 너트,3000,,https://smartstore.naver.com/main/products/4969236536,계량기마켓
2024-12-11,행복한세상 수도 동파방지 커버 수도보온재 수도동파방지 <b>수도계량기</b>보온재,3000,,https://www.lotteon.com/p/product/LO2279748972?sitmNo=LO2279748972_2279748973&ch_no=100065&ch_dtl_no=1000030&entryPoint=pcs&dp_infw_cd=CHT,롯데ON
2024-12-11,동파방지커버 <b>수도계량기</b> 수도꼭지 동파방지 수도덮개,3000,,https://www.lotteon.com/p/product/LO2368918939?sitmNo=LO2368918939_2368918940&ch_no=100065&ch_dtl_no=1000030&entryPoint=pcs&dp_infw_cd=CHT,롯데ON
2024-12-11,<b>수도계량기</b>동파 야외 보온덮개 커버 수도꼭지동파방지,3010,,https://smartstore.naver.com/main/products/9160295265,제이식스스타
2024-12-11,<b>수도계량기</b>커버 동파방지커버 겨울 수도보온재 덮개,3010,,https://smartstore.naver.com/main/products/9475453770,당일발송스토어
2024-12-11,<b>수도계량기</b>동파방지 수도관동파 보온덮개 보온재 커버,3010,,https://smartstore.naver.com/main/products/9970418737,투데이리치
2024-12-11,동파방지 수도꼭지 <b>수도계량기</b> 보온 단열 덮개 커버,3020,,https://www.lotteon.com/p/product/LO2396157444?sitmNo=LO2396157444_2396157445&ch_no=100065&ch_dtl_no=1000030&entryPoint=pcs&dp_infw_cd=CHT,롯데ON
2024-12-11,동파방지커버 <b>수도계량기</b> 수도꼭지 동파방지 수도덮개,3040,,https://smartstore.naver.com/main/products/8804591523,조아난
2024-12-11,<b>수도계량기</b> 수도꼭지 동파방지 커버 덮개,3050,,https://smartstore.naver.com/main/products/9615497475,키노코즈
2024-12-11,동파방지 수도꼭지 <b>수도계량기</b> 보온 단열 덮개 커버,3060,,https://smartstore.naver.com/main/products/11235378105,돌체루나
2024-12-11,<b>수도계량기</b> 동파방지 커버 수도꼭지 보호 덮개 방한용품,3060,,https://smartstore.naver.com/main/products/11209989346,새벽정원
2024-12-11,동파 방지 <b>수도계량기</b> 덮개 보호 커버 겨울철 수도 방지용,3060,,https://smartstore.naver.com/main/products/11064960923,사랑장터
2024-12-11,동파방지커버 <b>수도계량기</b> 수도꼭지 동파방지 수도덮개 욕실 화장,3070,,http://with.gsshop.com/alia/aliaGate.gs?media=OB&ecpid=1044231320&vodFlag=N&prdseqnum=1044231320&utm_source=price&utm_medium=affiliate&utm_campaign=naver,GSSHOP
2024-12-11,<b>수도계량기</b> 수도꼭지 동파방지 커버 덮개,3090,,https://smartstore.naver.com/main/products/9532284729,즐겨찾기 쇼핑
2024-12-11,<b>수도계량기</b> 동파 방지 보온 덮개 단열 커버 보온재 T자형 <b>수도계량기</b> 양면방수 단열커버,3100,,https://smartstore.naver.com/main/products/8817578570,트루리구매대행
2024-12-11,<b>수도계량기</b> 동파 방지 보온 덮개 단열 커버 보온재 T자형 <b>수도계량기</b> 양면방수 단열커버,3100,,https://smartstore.naver.com/main/products/8817578570,트루리구매대행
2024-12-11,커버 덮개 수도꼭지 단열 동파방지 보온 <b>수도계량기</b> 수도꼭지부품,3150,,https://smartstore.naver.com/main/products/11200236394,세건유통
2024-12-11,<b>수도계량기</b>동파방지 수도관동파 보온덮개 보온재 커버,3150,,https://smartstore.naver.com/main/products/11235377912,돌체루나
2024-12-11,녹물 <b>수도계량기</b>형 수도배관 수도꼭지필터,3150,,https://smartstore.naver.com/main/products/9951859456,로드앤조이
2024-12-11,동파방지커버 <b>수도계량기</b> 수도꼭지 동파방지 수도덮개,3150,,https://affiliate.homeplus.co.kr/external/bridge?channelId=1000006&targetUrl=https%3A%2F%2Ffront.homeplus.co.kr%2Fitem%3FitemNo%3D10000301010860%26storeType%3DDS,홈플러스
2024-12-11,동파방지커버 <b>수도계량기</b> 수도꼭지 동파방지 수도덮개 수도꼭지부품 수도꼭지부속품 수도꼭지 덮개 겨울대,3150,,https://smartstore.naver.com/main/products/11063930848,청년도매몰
2024-12-11,편리한 동파방지 커버 방수원단 벽면 바닥면 벨크로 수도동파방지커버 수도동파방지 동파방지보온재 수도배관자재 수도 수도동파방지보온재 야외수도꼭지동파방지 <b>수도계량기</b> 수전동파방지커버,3160,,https://smartstore.naver.com/main/products/10298209573,아신유통
2024-12-11,<b>수도계량기</b> 동파방지 커버케이스 방수원단 보온재,3160,,https://smartstore.naver.com/main/products/9611367820,돈버는복돼지
2024-12-11,동파방지 수도꼭지 <b>수도계량기</b> 보온 단열 덮개 커버,3170,,https://www.lotteon.com/p/product/LO2358485134?sitmNo=LO2358485134_2358485135&ch_no=100065&ch_dtl_no=1000030&entryPoint=pcs&dp_infw_cd=CHT,롯데ON
2024-12-11,<b>수도계량기</b>동파방지 수도관동파 보온덮개 보온재 커버,3180,,https://smartstore.naver.com/main/products/11188802613,용셀몰
2024-12-11,<b>수도계량기</b> 수도꼭지 동파방지 커버 덮개 하수도동파,3180,,https://www.lotteon.com/p/product/LO2211850288?sitmNo=LO2211850288_2211850289&ch_no=100065&ch_dtl_no=1000030&entryPoint=pcs&dp_infw_cd=CHT,롯데ON
2024-12-11,동파방지커버 수도꼭지부속품 <b>수도계량기</b> 수도꼭지부품 수도꼭지 수도덮개 동파방지,3190,,https://smartstore.naver.com/main/products/10930850054,펀아이템
2024-12-11,<b>수도계량기</b>동파방지 수도관동파 보온덮개 보온재 커버,3190,,https://smartstore.naver.com/main/products/11069424860,바나나스토리
2024-12-11,<b>수도계량기</b>동파방지 커버 보온덮개 보온재 신상입고 추천 수도관동파,3200,,https://smartstore.naver.com/main/products/11146043392,핑쇼100
2024-12-11,ouhs 동파방지커버 <b>수도계량기</b> 수도꼭지 동파방지 수도덮개 수도 보온커버 겨울대비,3200,,https://smartstore.naver.com/main/products/11068278425,OUHS
2024-12-11,화장실 <b>수도계량기</b>필터 싱크대 수도정수필터 세면대,3210,,https://smartstore.naver.com/main/products/9458782999,당일발송스토어
2024-12-11,동파방지 수도꼭지 <b>수도계량기</b> 보온 단열 덮개 커버,3220,,https://smartstore.naver.com/main/products/9551737232,차차꼬메르시오
2024-12-11,동파방지 수도꼭지 <b>수도계량기</b> 보온 단열 덮개 커버,3240,,https://smartstore.naver.com/main/products/9684623716,리치카트
2024-12-11,오품 부동전수도꼭지 <b>수도계량기</b>커버 동파방지수도꼭지 수도동파방지커버 동파방지수도 수도동파방지,3260,,https://www.lotteon.com/p/product/LO2401449741?sitmNo=LO2401449741_2401449742&ch_no=100065&ch_dtl_no=1000030&entryPoint=pcs&dp_infw_cd=CHT,롯데ON
2024-12-11,꼭지 보온 수도꼭지 수도동파방지 <b>수도계량기</b>,3270,,https://smartstore.naver.com/main/products/9645256241,머니2레드
2024-12-11,동파방지커버 <b>수도계량기</b> 동파방지 수도덮개 수도꼭지,3280,,https://smartstore.naver.com/main/products/9034100803,SJ모아
2024-12-11,보온 단열 <b>수도계량기</b> 수도꼭지 커버 동파방지 덮개,3290,,https://smartstore.naver.com/main/products/10105014416,반해쓰
2024-12-11,<b>수도계량기</b> 닛블 1조 15mm x 3.5cm 수도미터 온수미터 유니온세트 고무박킹포함,3300,,https://smartstore.naver.com/main/products/223075549,원종합상사 수도 배관 자재
2024-12-11,동파방지 수도꼭지 <b>수도계량기</b> 보온 단열 덮개 커버,3300,,http://with.gsshop.com/alia/aliaGate.gs?media=OB&ecpid=1066597602&vodFlag=N&prdseqnum=1066597602&utm_source=price&utm_medium=affiliate&utm_campaign=naver,GSSHOP
2024-12-11,동파방지 수도꼭지 <b>수도계량기</b> 보온 단열 덮개 커버 [WC99EF4][34383282],3300,,https://www.shinsegaetvshopping.com/display/detail/65865478?inMediaCode=EC12&ckwhere=naverep,신세계라이브쇼핑
2024-12-11,동파방지커버 <b>수도계량기</b> 수도꼭지 동파방지 수도덮개,3300,,https://smartstore.naver.com/main/products/6223729180,리얼민트0517
2024-12-11,수도동파방지 커버 보일러동파방지 <b>수도계량기</b>커버 외부수도동파방지 동파방지수도,3310,,https://www.lotteon.com/p/product/LO2360871076?sitmNo=LO2360871076_2360871077&ch_no=100065&ch_dtl_no=1000030&entryPoint=pcs&dp_infw_cd=CHT,롯데ON
2024-12-11,<b>수도계량기</b>/수도미터기 니플,3320,,https://no1piping.co.kr/product/detail.html?product_no=218&cate_no=33&display_group=1&cafe_mkt=naver_ks&mkt_in=Y&ghost_mall_id=naver&ref=naver_open,넘버원배관자재
2024-12-11,동파방지 수도꼭지 <b>수도계량기</b> 보온 단열 덮개 커버,3320,,https://smartstore.naver.com/main/products/10949940158,JN스마트
2024-12-11,동파방지 수도꼭지 <b>수도계량기</b> 보온 단열 덮개 커버,3340,,https://smartstore.naver.com/main/products/10998800149,블랙핑크스토어
2024-12-11,<b>수도계량기</b>동파방지 수도관동파 보온덮개 보온재 커버,3340,,https://smartstore.naver.com/main/products/10943792798,알몬스터
2024-12-11,동파방지 수도꼭지 <b>수도계량기</b> 보온 단열 덮개 커버,3343,,https://affiliate.homeplus.co.kr/external/bridge?channelId=1000006&targetUrl=https%3A%2F%2Ffront.homeplus.co.kr%2Fitem%3FitemNo%3D10000303061172%26storeType%3DDS,홈플러스
2024-12-11,on온가지몰 S1W멀티형 수도 밸브잠금함 단수장치 <b>수도계량기</b>조절,3360,,https://smartstore.naver.com/main/products/10195636026,on온가지몰
2024-12-11,시즌헬로 멀티형 수도 밸브잠금함전용 2차 체결체인 <b>수도계량기</b>조절,3360,,https://smartstore.naver.com/main/products/10164188103,시즌헬로
2024-12-11,동파방지 수도꼭지 <b>수도계량기</b> 보온 단열 덮개 커버,3360,,https://smartstore.naver.com/main/products/9707660653,동대문도매
2024-12-11,커버 동파방지 <b>수도계량기</b> 수도꼭지 수도 덮개 보호,3390,,https://smartstore.naver.com/main/products/8638503265,러브포홈
2024-12-11,<b>수도계량기</b>동파방지 수도관동파 보온덮개 보온재 커버 [WDC3672]..,3400,,https://www.shinsegaetvshopping.com/display/detail/65864171?inMediaCode=EC12&ckwhere=naverep,신세계라이브쇼핑
2024-12-11,야외 수도 동파방지 커버 <b>수도계량기</b> 보온덮개,3400,,https://smartstore.naver.com/main/products/6066614921,또오셔
2024-12-11,커버 덮개 단열 수도꼭지 <b>수도계량기</b> 보온 동파방지,3410,,https://smartstore.naver.com/main/products/9619609670,굿앤유통2
2024-12-11,<b>수도계량기</b>보온덮개 동파방지 커버 소화기 겨울 패딩 파이프 단열 주택 배관 지퍼형,3410,,https://smartstore.naver.com/main/products/11188464974,레모레미
2024-12-11,동파방지 수도꼭지 <b>수도계량기</b> 보온 단열 덮개 커버,3420,,https://www.lotteon.com/p/product/LO2397334430?sitmNo=LO2397334430_2397334431&ch_no=100065&ch_dtl_no=1000030&entryPoint=pcs&dp_infw_cd=CHT,롯데ON
2024-12-11,동파방지 <b>수도계량기</b>보온덮개 꼭지,3420,,https://smartstore.naver.com/main/products/11224627792,뮤프리즘
2024-12-11,<b>수도계량기</b> 수도꼭지 동파방지 커버 덮개,3420,,https://smartstore.naver.com/main/products/8513334484,TRICKS
2024-12-11,난연테이프 15mm 수도배관 난방배관 <b>수도계량기</b>설치 배관공사 수도배관교체 세면대배관교체 하수구트랩 수도관 배관자재,3470,,https://smartstore.naver.com/main/products/10840552466,이런들저런들
2024-12-11,난연테이프 15mm <b>수도계량기</b>설치 하수구트랩 수도배관교체,3470,,https://smartstore.naver.com/main/products/10845508176,장난감쇼핑
2024-12-11,편리한 동파방지 커버 방수원단 벽면 바닥면 벨크로 수도보온재 <b>수도계량기</b>,3470,,https://www.lotteon.com/p/product/LO2306117069?sitmNo=LO2306117069_2306117070&ch_no=100065&ch_dtl_no=1000030&entryPoint=pcs&dp_infw_cd=CHT,롯데ON
2024-12-11,넘버원 - <b>수도계량기</b>/수도미터기 니플,3490,,https://smartstore.naver.com/main/products/5959659621,넘버원배관자재
2024-12-11,일반형 <b>수도계량기</b> 파이프 동파방지 히팅케이블 1M,3500,,https://smartstore.naver.com/main/products/7965776796,아이엠팀
2024-12-11,결로방지용 단열재 <b>수도계량기</b> 동파방지 야외 열선 배관 수도관 파이프 보온 보일러 보온재 동결,3500,,https://smartstore.naver.com/main/products/11159100394,Taru
2024-12-11,<b>수도계량기</b> 니플 세트 수도미터 유니온,3500,,http://www.daegasudo.com/index.html?branduid=535491&ref=naver_open,대가수도
2024-12-11,수도꼭지동파방지 화장실 세탁실 야외 수도관 보온 덮개 <b>수도계량기</b> 배관 방수커버,3500,,https://smartstore.naver.com/main/products/6072499260,다모이
2024-12-11,<b>수도계량기</b> 꼭지 동파방지커버 덮개,3500,,https://smartstore.naver.com/main/products/6103762939,케이다마켓
2024-12-11,동파방지커버 <b>수도계량기</b> 수도꼭지 동파방지 수도덮개,3500,,https://smartstore.naver.com/main/products/11038324500,엠앤씨커머스
2024-12-11,수도꼭지부속품 동파방지커버 <b>수도계량기</b> 수도꼭지 동파방지 수,3510,,http://with.gsshop.com/alia/aliaGate.gs?media=OB&ecpid=1016312786&vodFlag=N&prdseqnum=1016312786&utm_source=price&utm_medium=affiliate&utm_campaign=naver,GSSHOP
2024-12-11,동파방지커버 <b>수도계량기</b> 수도꼭지 동파방지 수도덮개 수도꼭지연장 세면대수도꼭지 화장실수도꼭지,3570,,https://smartstore.naver.com/main/products/11147926238,십일바나마켓
2024-12-11,동파방지커버 <b>수도계량기</b> 수도꼭지 동파방지 수도덮개 덮개 방한,3570,,http://with.gsshop.com/alia/aliaGate.gs?media=OB&ecpid=1021120433&vodFlag=N&prdseqnum=1021120433&utm_source=price&utm_medium=affiliate&utm_campaign=naver,GSSHOP
2024-12-11,<b>수도계량기</b>보온덮개 동파방지 커버 수도,3580,,https://smartstore.naver.com/main/products/11189894927,돌덩이마트
2024-12-11,구트바이 동파방지커버 <b>수도계량기</b> 수도꼭지 동파방지 수도덮개,3600,,https://smartstore.naver.com/main/products/11219855909,구트바이
2024-12-11,동파방지 수도꼭지 <b>수도계량기</b> 보온 단열 덮개 커버,3600,,http://with.gsshop.com/alia/aliaGate.gs?media=OB&ecpid=1069916236&vodFlag=N&prdseqnum=1069916236&utm_source=price&utm_medium=affiliate&utm_campaign=naver,GSSHOP
2024-12-11,<b>수도계량기</b> 수도꼭지 동파방지 커버 덮개,3610,,https://www.lotteon.com/p/product/LO2236575498?sitmNo=LO2236575498_2236575499&ch_no=100065&ch_dtl_no=1000030&entryPoint=pcs&dp_infw_cd=CHT,롯데ON
2024-12-11,<b>수도계량기</b>동파방지 수도관동파 보온덮개 보온재 커버,3630,,https://smartstore.naver.com/main/products/11105450236,레마케이몰
2024-12-11,동파방지 수도꼭지 <b>수도계량기</b> 보온 단열 덮개 커버,3640,,https://www.lotteon.com/p/product/LO2295018396?sitmNo=LO2295018396_2295018397&ch_no=100065&ch_dtl_no=1000030&entryPoint=pcs&dp_infw_cd=CHT,롯데ON
2024-12-11,<b>수도계량기</b> 닛블 1조 15mm x 5.5cm 수도미터 온수미터 유니온세트 고무박킹포함,3680,,https://smartstore.naver.com/main/products/223075561,원종합상사 수도 배관 자재
2024-12-11,동파방지 수도꼭지 <b>수도계량기</b> 보온 단열 덮개 커버,3690,,https://smartstore.naver.com/main/products/11188798828,용셀몰
2024-12-11,동파방지커버 <b>수도계량기</b> 수도꼭지 동파방지 수도덮개,3700,,https://affiliate.homeplus.co.kr/external/bridge?channelId=1000006&targetUrl=https%3A%2F%2Ffront.homeplus.co.kr%2Fitem%3FitemNo%3D10000303229722%26storeType%3DDS,홈플러스
2024-12-11,동파방지 수도꼭지 <b>수도계량기</b> 보온 단열 덮개 커버 욕실 화장실,3720,,http://with.gsshop.com/alia/aliaGate.gs?media=OB&ecpid=1044214411&vodFlag=N&prdseqnum=1044214411&utm_source=price&utm_medium=affiliate&utm_campaign=naver,GSSHOP
2024-12-11,<b>수도 계량기</b>니플 Set 15mm 계량기유니온 닛블 너트 15A 2.5cm 3.5cm 5.5cm 8.5cm <b>수도계량기</b>,3740,,https://smartstore.naver.com/main/products/4799926061,수도N성광
2024-12-11,동파방지 수도꼭지 <b>수도계량기</b> 보온 단열 덮개 커버,3770,,https://smartstore.naver.com/main/products/11183693220,페어즈
2024-12-11,우주전열 히터선(일반형PVC) 2M<b>수도계량기</b>동파방지,3800,,https://smartstore.naver.com/main/products/9665936466,우성전업사
2024-12-11,<b>수도계량기</b> 수도꼭지 동파방지 커버 덮개,3800,,http://with.gsshop.com/alia/aliaGate.gs?media=OB&ecpid=1046706969&vodFlag=N&prdseqnum=1046706969&utm_source=price&utm_medium=affiliate&utm_campaign=naver,GSSHOP
2024-12-11,수도덮개 수도꼭지 동파방지 동파방지커버 <b>수도계량기</b>,3800,,https://smartstore.naver.com/main/products/10783481043,JJHOUSE2004
2024-12-11,<b>수도계량기</b>동파방지 수도관동파 보온덮개 보온재 커버,3860,,https://smartstore.naver.com/main/products/11041060558,핸님의 달빛상점
2024-12-11,동파방지커버 수도보온재 겨울 덮개 <b>수도계량기</b>커버,3880,,https://smartstore.naver.com/main/products/9475452912,당일발송스토어
2024-12-11,<b>수도계량기</b>열선 세탁기 보일러 정온 수도관 물탱크 보일러 동파방지 열선,3900,,https://smartstore.naver.com/main/products/9638232360,탐코라마
2024-12-11,동파방지 수도꼭지 <b>수도계량기</b> 보온 단열 덮개 커버,3900,,https://smartstore.naver.com/main/products/9497064940,작은마담
2024-12-11,수도관 동파예방 <b>수도계량기</b> 동파방지 커버,3900,,https://smartstore.naver.com/main/products/7409912279,라라솔  마켓
2024-12-11,시골 외부 수도관 영하날씨 동파예방 <b>수도계량기</b> 동파방지 수도꼭지 덮개,3950,,https://smartstore.naver.com/main/products/7937248742,푸른가게
2024-12-11,<b>수도계량기</b>보온 <b>수도계량기</b>보온재 보일러동파방지 수도관,3980,,https://smartstore.naver.com/main/products/7779043524,비오는밤
2024-12-11,일반보급형 수도 동파방지 열선 1M <b>수도계량기</b> 파이프 단열재,3990,,https://smartstore.naver.com/main/products/3912886106,우리들샵
2024-12-11,영하날씨 마당 외부 수도관 <b>수도계량기</b> 동파예방 동파방지 수도꼭지 커버,4000,,https://smartstore.naver.com/main/products/7908086915,초이곳간
2024-12-11,20mm <b>수도계량기</b> 유니온세트 1개 수도 배관 자재 부속 파이프 너트,4000,,https://smartstore.naver.com/main/products/4969246947,계량기마켓
2024-12-11,<b>수도계량기</b> 벽체형카바 플라스틱/스텐,4000,,https://smartstore.naver.com/main/products/11097442515,광명수도몰
2024-12-11,동파방지 수도꼭지 <b>수도계량기</b> 보온 단열 덮개 커버,4000,,https://smartstore.naver.com/main/products/11195263494,다비앤
2024-12-11,수도꼭지부속품 동파방지커버 <b>수도계량기</b> 수도꼭지 동파방지 수도덮개,4020,,https://smartstore.naver.com/main/products/9684624234,리치카트
2024-12-11,동파방지커버 <b>수도계량기</b> 수도꼭지 동파방지 수도덮개,4020,,https://smartstore.naver.com/main/products/9684624135,리치카트
2024-12-11,(현대Hmall) 수도꼭지 동파방지 수도덮개 동파방지커버 <b>수도계량기</b>,4040,,https://www.lotteon.com/p/product/LO2357120408?sitmNo=LO2357120408_2357120409&ch_no=100065&ch_dtl_no=1000030&entryPoint=pcs&dp_infw_cd=CHT,롯데ON
2024-12-11,<b>수도계량기</b> 동파방지커버 수도꼭지 동파방지 수도덮개 소형,4050,,https://smartstore.naver.com/main/products/9684623634,리치카트
2024-12-11,파이프보온 <b>수도계량기</b>동파방지 파이프보온커버,4050,,https://smartstore.naver.com/main/products/9623373233,RANGMAN
2024-12-11,<b>수도계량기</b>함 PVC카바 진회색 벽체형 플라스틱 커버 뚜껑 양수기함,4070,,https://smartstore.naver.com/main/products/4735013434,원종합상사 수도 배관 자재
2024-12-11,<b>수도계량기</b>함 PVC카바 아이보리색 벽체형 플라스틱 커버 뚜껑 양수기함,4070,,https://smartstore.naver.com/main/products/223075627,원종합상사 수도 배관 자재
2024-12-11,홍기일반압력계 Y-60 방사형 <b>수도계량기</b> 오일계량기 전규격0-60MPA배전연결대_582501134654,4080,,https://hit100.co.kr/product/detail.html?product_no=528605&cate_no=236&display_group=1&cafe_mkt=naver_ks&mkt_in=Y&ghost_mall_id=naver&ref=naver_open,ICSHOP
2024-12-11,아파트용 <b>수도계량기</b>보온덮개 동파방지 커버 수도,4110,,https://smartstore.naver.com/main/products/11187812207,다오스
2024-12-11,겨울 <b>수도계량기</b> 동파 방지 커버 소형 보온 덮개,4140,,https://smartstore.naver.com/main/products/11051552813,추억쉼터
2024-12-11,(현대Hmall) <b>수도계량기</b>보온덮개 동파방지 커버 수도,4180,,https://www.lotteon.com/p/product/LO2384873207?sitmNo=LO2384873207_2384873208&ch_no=100065&ch_dtl_no=1000030&entryPoint=pcs&dp_infw_cd=CHT,롯데ON
2024-12-11,수도 동파방지 커버 재 배관동파 <b>수도계량기</b>,4180,,https://smartstore.naver.com/main/products/11150791399,이에스컴퍼니 유통
2024-12-11,수도 동파방지 커버 단열재 재 동파 <b>수도계량기</b>,4180,,https://smartstore.naver.com/main/products/11211032370,세상의모든것4
2024-12-11,수도꼭지 동파방지커버 겨울철 보온커버 <b>수도계량기</b> 보호,4190,,https://smartstore.naver.com/main/products/11215634031,히먼샵
2024-12-11,계량기 니플 15A <b>수도계량기</b> 유니온 수도 배관 자재 부속 세트 2.5cm,4200,,https://smartstore.naver.com/main/products/5898693397,철물마켓
2024-12-11,수도꼭지 동파방지 <b>수도계량기</b> 수도관 옥외 수도 단열 덮개 커버 보온커버,4200,,https://www.lotteon.com/p/product/LO2088129408?sitmNo=LO2088129408_2088129409&ch_no=100065&ch_dtl_no=1000030&entryPoint=pcs&dp_infw_cd=CHT,롯데ON
2024-12-11,수도꼭지 동파방지 배관동파방지 계량기동파 하수도동파 <b>수도계량기</b> 수도관동파 커버,4200,,https://smartstore.naver.com/main/products/8322798119,스마트하니D
2024-12-11,늘WAYS 동파방지 주머니 <b>수도계량기</b>보온재 동파커버,4230,,https://www.lotteon.com/p/product/LO2394354798?sitmNo=LO2394354798_2394354799&ch_no=100065&ch_dtl_no=1000030&entryPoint=pcs&dp_infw_cd=CHT,롯데ON
2024-12-11,15A 20A 25A <b>수도계량기</b>앵글밸브/ <b>수도계량기</b>앵글벨브/ 수도용앵글밸브,4250,,https://smartstore.naver.com/main/products/4502997447,주택관리자재모여
2024-12-11,수도 동파방지 커버 <b>수도계량기</b> 수도미터기,4260,,https://smartstore.naver.com/main/products/10798851436,삼십일레븐
2024-12-11,수도 동파방지 커버 재 배관동파 <b>수도계량기</b>,4290,,https://smartstore.naver.com/main/products/11210201707,세상의모든것4
2024-12-11,수도 동파방지 커버 재 배관동파 <b>수도계량기</b>,4300,,https://smartstore.naver.com/main/products/11116461532,삼부자스토어
2024-12-11,동파방지 수도꼭지 보온 커버 <b>수도계량기</b> 단열 덮개,4300,,https://smartstore.naver.com/main/products/9515808530,모래시계
2024-12-11,"수동꼭지 방한 덮개 동파방지커버, 겨울 <b>수도계량기</b>",4300,,https://smartstore.naver.com/main/products/6011794394,차징샵
2024-12-11,배수관캡 마개 씰링 에어컨 구멍 커버 <b>수도계량기</b>열선 물호수 에어호스 덕트호스 양수호스,4310,,https://smartstore.naver.com/main/products/10839912475,이런들저런들
2024-12-11,수도 동파방지 커버 재 배관동파 <b>수도계량기</b>,4320,,https://www.lotteon.com/p/product/LO2381988002?sitmNo=LO2381988002_2381988003&ch_no=100065&ch_dtl_no=1000030&entryPoint=pcs&dp_infw_cd=CHT,롯데ON
2024-12-11,수도 동파방지 주머니 <b>수도계량기</b>보온재,4320,,https://smartstore.naver.com/main/products/11140461918,쇼달정선생
2024-12-11,수도 동파방지 주머니 <b>수도계량기</b>보온재 동파방지캡,4320,,https://smartstore.naver.com/main/products/11142963274,쇼달남선생
2024-12-11,리버썸 수도 동파방지 주머니 <b>수도계량기</b>보온재 수도꼭지보온재,4320,,https://smartstore.naver.com/main/products/11208680975,리버썸B
2024-12-11,<b>수도계량기</b>동파방지 수도관동파 보온덮개 보온재 커버,4320,,https://smartstore.naver.com/main/products/11026855724,팔바나마켓
2024-12-11,가정용 수돗물 체크밸브 전동 4부 6부 수도관 전용 역류방지 15mm <b>수도계량기</b> 앞_712425116020,4360,,https://hit100.co.kr/product/detail.html?product_no=508504&cate_no=236&display_group=1&cafe_mkt=naver_ks&mkt_in=Y&ghost_mall_id=naver&ref=naver_open,ICSHOP
2024-12-11,사안 동파방지 주머니 동파방지커버 <b>수도계량기</b>보온재,4370,,https://smartstore.naver.com/main/products/11132056633,사안2407
2024-12-11,수도꼭지 동파방지 <b>수도계량기</b> 수도관 옥외 수도 단열 덮개 커버 보온커버,4370,,https://smartstore.naver.com/main/products/8119056995,복세편살몰
2024-12-11,<b>수도계량기</b>보온덮개 동파방지 커버 수도,4370,,https://affiliate.homeplus.co.kr/external/bridge?channelId=1000006&targetUrl=https%3A%2F%2Ffront.homeplus.co.kr%2Fitem%3FitemNo%3D10000304336194%26storeType%3DDS,홈플러스
2024-12-11,세면대 <b>수도계량기</b>필터 싱크대 화장실 수도정수필터,4380,,https://smartstore.naver.com/main/products/9458783199,당일발송스토어
2024-12-11,동파방지 커버 <b>수도계량기</b> 수도관 보온 단열 덮개,4380,,https://smartstore.naver.com/main/products/10731774024,이집 잘 하네
2024-12-11,동파방지 커버 <b>수도계량기</b> 수도관 보온 단열 덮개,4380,,https://www.lotteon.com/p/product/LO2350661071?sitmNo=LO2350661071_2350661072&ch_no=100065&ch_dtl_no=1000030&entryPoint=pcs&dp_infw_cd=CHT,롯데ON
2024-12-11,하이드로큐어 녹물필터 녹물형 필터 <b>수도계량기</b>함 설치형 스테인리스 수도용여과기 상수도 필터 가정용 필터,4390,,https://smartstore.naver.com/main/products/5095535623,철물프렌즈
2024-12-11,하이드로큐어 녹물필터 녹물형 필터 <b>수도계량기</b>함 설치형 스테인리스 수도용여과기 가정용 필터,4390,,https://smartstore.naver.com/main/products/5851973703,루나철물
2024-12-11,수도용 앵글밸브 <b>수도계량기</b>연결 배관자재 급수전 계량기와 연결용 수도꼭지 수도앵글 수도용품 계량기꼭지 수도부속,4400,,https://smartstore.naver.com/main/products/246527036,시에스메탈
2024-12-11,수도용 앵글밸브 <b>수도계량기</b>연결 배관자재 수도앵글 수도꼭지,4400,,https://jojomall.co.kr/product/detail.html?product_no=294&cate_no=67&display_group=1&cafe_mkt=naver_ks&mkt_in=Y&ghost_mall_id=naver&ref=naver_open,조조몰
2024-12-11,수도용 앵글밸브 15A 욕실용 <b>수도계량기</b> 밸브 연결,4400,,https://smartstore.naver.com/main/products/8547138355,한결만물상점
2024-12-11,동파방지 야외 수도꼭지 커버 한파대비 <b>수도계량기</b>커버 수도꼭지덮개,4420,,https://smartstore.naver.com/main/products/6026311169,유니월드101
2024-12-11,동파방지 야외 수도꼭지 커버 한파대비 <b>수도계량기</b>커버 수도꼭지덮개,4420,,https://smartstore.naver.com/main/products/10793400973,제이킹101
2024-12-11,수도 동파방지 커버 재 배관동파 <b>수도계량기</b>,4460,,https://smartstore.naver.com/main/products/11095927575,더프로우
2024-12-11,수도앵글밸브 국산 15A <b>수도계량기</b> 연결 <b>수도계량기</b>함 밸브 수도꼭지,4480,,https://smartstore.naver.com/main/products/4729698722,원종합상사 수도 배관 자재
2024-12-11,<b>수도계량기</b> 보관함 문패 부착 안내판 미터기 측정 계량 검침 계측 자석스티커 20x5cm,4500,,https://smartstore.naver.com/main/products/9775552087,스티커와 친구들
2024-12-11,신주 유니온 닛쁠(후렌치형) (15M-15F)니플 <b>수도계량기</b> 연결대,4500,,https://smartstore.naver.com/main/products/3337822410,케이제이배관몰
2024-12-11,수도용 앵글밸브 15A 국산 <b>수도계량기</b> 밸브 연결,4500,,https://smartstore.naver.com/main/products/4634877473,클린기업
2024-12-11,우주전열 줄센서(비방수) 0.75SQ(센서 주황색)<b>수도계량기</b>동파방지,4500,,https://smartstore.naver.com/main/products/9666239702,우성전업사
2024-12-11,신주 유니온 닛플(후렌치형) (15M-15F) 38mm 47mm 니플 <b>수도계량기</b> 연결대,4500,,https://smartstore.naver.com/main/products/6949745610,로얄배관몰
2024-12-11,(국내산)동파방지열선 동파방지기 수도동파방지열선 전기용품 동파방지열선 수도동파방지열선 동파방지용열선 동파방지기 전기열선 열선 동파방지 <b>수도계량기</b> 수도꼭지부품,4500,,https://smartstore.naver.com/main/products/545960589,쓰리고닷컴
2024-12-11,겨울 옥외 야외 수도꼭지 동파방지 보온덮개 커버 <b>수도계량기</b> 동결방지 덮개,4500,,https://smartstore.naver.com/main/products/7751633428,단디입자
2024-12-11,신주 유니온 닛플(후렌치형) (15M-15F)3.8cm 니플 <b>수도계량기</b> 연결대,4500,,https://smartstore.naver.com/main/products/6949468349,로얄배관몰
2024-12-11,필그린 <b>수도계량기</b>필터 리필필터 추가필터,4500,,https://smartstore.naver.com/main/products/10812217556,수도계량기필터
2024-12-11,<b>수도계량기</b>보온재 보온덮개 보호통 보호뚜껑 물탱크보온 보온재 소형 가정용,4500,,https://smartstore.naver.com/main/products/11013676861,쇼핑1스푼
2024-12-11,커버 수도 동파방지 단열재 재 동파 <b>수도계량기</b>,4520,,https://smartstore.naver.com/main/products/11069290373,엠제이디아이
2024-12-11,수도 동파방지 커버 배관동파 방지 보온 재 <b>수도계량기</b>,4520,,https://smartstore.naver.com/main/products/11069279116,엠제이디아이
2024-12-11,수도 동파방지 커버 단열재 재 동파 <b>수도계량기</b>,4530,,https://smartstore.naver.com/main/products/11038174802,제이디.스토어
2024-12-11,동파방지 수도꼭지 <b>수도계량기</b> 보온 단열 덮개 커버,4550,,https://smartstore.naver.com/main/products/11224431256,GOLD미소
2024-12-11,하이드로큐어 녹물필터 녹물형 필터 <b>수도계량기</b>함 설치형 스테인리스 수도용여과기 상수도 필터 가정용 필터,4590,,https://smartstore.naver.com/main/products/5846685668,크로스드라이버
2024-12-11,하이드로큐어 녹물필터 녹물형 필터 <b>수도계량기</b>함 설치형 스테인리스 수도용여과기 상수도 필터 가정용 필터,4590,,https://smartstore.naver.com/main/products/5093342163,씨디철물
2024-12-11,하이드로큐어 녹물필터 <b>수도계량기</b>함 설치형 스테인리스 수도용여과기 상수도 필터 가정용 필터,4590,,https://smartstore.naver.com/main/products/9770694008,도시철물건재
2024-12-11,수도꼭지부품 동파방지커버 <b>수도계량기</b> 수도꼭지 동파방지 수도덮개 수도꼭지부속품,4590,,https://smartstore.naver.com/main/products/9684622321,리치카트
2024-12-11,하이드로큐어 녹물필터 녹물형 필터 <b>수도계량기</b>함 설치형 스테인리스 수도용여과기 상수도 필터 가정용 필터,4590,,https://smartstore.naver.com/main/products/5846685668,크로스드라이버
2024-12-11,수도 앵글밸브 15A <b>수도계량기</b> 밸브,4600,,https://smartstore.naver.com/main/products/2771487094,철물마켓
2024-12-11,우주전열 히터선(일반형PVC) 3M<b>수도계량기</b>동파방지,4800,,https://smartstore.naver.com/main/products/9665940380,우성전업사
2024-12-11,<b>수도계량기</b>보온덮개 동파방지 커버 수도,4800,,https://www.lotteon.com/p/product/LO2400552243?sitmNo=LO2400552243_2400552244&ch_no=100065&ch_dtl_no=1000030&entryPoint=pcs&dp_infw_cd=CHT,롯데ON
2024-12-11,<b>수도계량기</b> 수도꼭지 동파방지 커버 덮개,4830,,https://smartstore.naver.com/main/products/9746136068,퍼스트캘리
2024-12-11,<b>수도계량기</b> 수도꼭지 동파방지 커버 덮개,4830,,https://smartstore.naver.com/main/products/10441870533,유초이스인샵
2024-12-11,야외수도꼭지 동파방지 커버 덮개 수도보온 <b>수도계량기</b>동파방지 <b>수도계량기</b>보온재 수도동파방지,4880,,https://smartstore.naver.com/main/products/11200469340,십구바나
2024-12-11,동파방지열선 <b>수도계량기</b>동파방지 정온전선 히팅케이블 일반형 3M,4900,,https://smartstore.naver.com/main/products/3696135226,싸다싸 종합쇼핑몰
2024-12-11,<b>수도계량기</b> 밸브 AD-900 수도용 앵글밸브,4900,,https://smartstore.naver.com/main/products/648071279,다파라닷컴
2024-12-11,<b>수도계량기</b>열선 세탁기 보일러 정온 수도관 물탱크 보일러 동파방지 열선,4900,,https://smartstore.naver.com/main/products/9638248151,탐코라마
2024-12-11,일반보급형 수도 동파방지 열선 2M <b>수도계량기</b> 파이프 단열재,4930,,https://smartstore.naver.com/main/products/3912886322,우리들샵
2024-12-11,[20A] 계량기용 유니온 1개 <b>수도계량기</b> 니플 닛플 니쁠,4950,,https://smartstore.naver.com/main/products/5948766713,다음정밀계기
2024-12-11,1WA086DB4 동파방지 수도꼭지 단열커버 <b>수도계량기</b> 커버 보온덮개 (SM)겨울,4960,,https://www.lotteon.com/p/product/LO2371252370?sitmNo=LO2371252370_2371252371&ch_no=100065&ch_dtl_no=1000030&entryPoint=pcs&dp_infw_cd=CHT,롯데ON
2024-12-11,동파방지커버 <b>수도계량기</b> 수도꼭지 동파방지 수도덮개 68000EA,4980,,https://smartstore.naver.com/main/products/11169149612,빔플1
2024-12-11,동파방지커버 <b>수도계량기</b> 수도꼭지 동파방지 수도덮개 68000EA,4980,,https://smartstore.naver.com/main/products/11170412860,헬로우박스1
2024-12-11,<b>수도계량기</b> 수도꼭지 배관 동파방지 커버 덮개 보온 보호 보온재,5000,,https://smartstore.naver.com/main/products/9562860335,도토리구멍가게
2024-12-11,신주 유니온 닛쁠(후렌치형) (15M-15F)4.7cm 니플 <b>수도계량기</b> 연결대,5000,,https://smartstore.naver.com/main/products/6949458813,로얄배관몰
2024-12-11,1m <b>수도계량기</b> 열선 보온선 동파방지,5000,,https://smartstore.naver.com/main/products/8489478527,고양이냐옹
2024-12-11,수도꼮지 <b>수도계량기</b> 겨울철 동파방지커버 덮개 동파걱정 끝,5000,,https://smartstore.naver.com/main/products/9532235336,디자인오케이
2024-12-11,<b>수도계량기</b>보온덮개 보온재 보호통 보호뚜껑 물탱크보온 보온재 중형,5000,,https://smartstore.naver.com/main/products/11016907125,쇼핑1스푼
2024-12-11,<b>수도계량기</b> 동파방지 열선 히팅케이블 배관용,5000,,https://smartstore.naver.com/main/products/578359086,다음정밀
2024-12-11,[2개묶음] 수도꼭지 <b>수도계량기</b> 동파방지 수도덮개 동파방지커버 RW9A9070,5010,,https://smartstore.naver.com/main/products/11187330422,하니스토어02
2024-12-11,수도꼭지부속품 동파방지커버 <b>수도계량기</b> 수도꼭지 동파방지 수도덮개 수도꼭지부품,5020,,https://www.lotteon.com/p/product/LO2265389085?sitmNo=LO2265389085_2265389086&ch_no=100065&ch_dtl_no=1000030&entryPoint=pcs&dp_infw_cd=CHT,롯데ON
2024-12-11,[2개묶음] <b>수도계량기</b>수도 수도꼭지 동파방지커버수도 YSW9A9070W,5070,,https://smartstore.naver.com/main/products/11150140127,ww-mall
2024-12-11,동파방지열선 <b>수도계량기</b>동파방지 정온전선 히팅케이블 일반형 3M,5080,,https://www.lotteon.com/p/product/LO2393602594?sitmNo=LO2393602594_2393602595&ch_no=100065&ch_dtl_no=1000030&entryPoint=pcs&dp_infw_cd=CHT,롯데ON
2024-12-11,수도꼭지 동파방지 커버 <b>수도계량기</b> 보온 단열덮개,5100,,https://smartstore.naver.com/main/products/9138462353,LULU MARKET
2024-12-11,0WA086DB6 수도꼭지커버 <b>수도계량기</b> 보온덮개 동파방지커버 단열 간편 (SM)겨울,5110,,https://smartstore.naver.com/main/products/11220629956,동방상단
2024-12-11,수도꼭지 동파방지 수도덮개 동파방지커버 <b>수도계량기</b>,5120,,https://smartstore.naver.com/main/products/10710550367,BUYKING09
2024-12-11,<b>수도계량기</b> 닛블 1조 15mm x 8.2cm 수도미터 온수미터 유니온세트 고무박킹포함,5130,,https://smartstore.naver.com/main/products/223075599,원종합상사 수도 배관 자재
2024-12-11,<b>수도계량기</b> 닛블 1조 20mm x 4.0cm 수도미터 온수미터 유니온세트 고무박킹포함,5130,,https://smartstore.naver.com/main/products/484808164,원종합상사 수도 배관 자재
2024-12-11,[오너클랜] 수도 동파방지 커버 단열재 재 동파 <b>수도계량기</b>,5190,,https://www.lotteon.com/p/product/LI2648507979?sitmNo=LI2648507979_1&ch_no=100065&ch_dtl_no=1000030&entryPoint=pcs&dp_infw_cd=CHT,롯데ON
2024-12-11,단디 동파방지 센서 <b>수도계량기</b>동파방지,5200,,https://smartstore.naver.com/main/products/10831822453,단디친구
2024-12-11,<b>수도계량기</b>커버 가스 배관 계량기 커버,5200,,https://smartstore.naver.com/main/products/7528628046,맥스퍼트
2024-12-11,수도관 화장실 보일러 배관열선 <b>수도계량기</b> 동파방지,5200,,https://smartstore.naver.com/main/products/4755842169,바나바 스토어
2024-12-11,<b>수도계량기</b>보온재 동파방지덮개 커버 수도관동파방지,5210,,https://smartstore.naver.com/main/products/9677248461,코리마을
2024-12-11,(현대Hmall) 수도 동파방지 커버 단열재 재 동파 <b>수도계량기</b>,5220,,https://www.lotteon.com/p/product/LO2367200846?sitmNo=LO2367200846_2367200847&ch_no=100065&ch_dtl_no=1000030&entryPoint=pcs&dp_infw_cd=CHT,롯데ON
2024-12-11,양수기함 커버 / <b>수도계량기</b>함 뚜껑 / 460x310,5220,,https://smartstore.naver.com/main/products/10919025969,지에이치시스템 배관자재
2024-12-11,[오너클랜] 수도꼭지 동파방지 수도덮개 동파방지커버 <b>수도계량기</b>,5240,,https://www.lotteon.com/p/product/LI2618943672?sitmNo=LI2618943672_1&ch_no=100065&ch_dtl_no=1000030&entryPoint=pcs&dp_infw_cd=CHT,롯데ON
2024-12-11,동파방지커버 <b>수도계량기</b> 수도꼭지 동파방지 수도덮개,5270,,https://smartstore.naver.com/main/products/11042696972,myblee5
2024-12-11,동파방지커버 <b>수도계량기</b> 수도꼭지 동파방지 수도덮개,5270,,https://smartstore.naver.com/main/products/11223266321,eqsto
2024-12-11,동파방지커버 <b>수도계량기</b> 수도꼭지 동파방지 수도덮개,5300,,https://smartstore.naver.com/main/products/11232880679,온기버튼
2024-12-11,우주전열 줄센서(비방수) 1.0SQ(센서 흑색/파랑)<b>수도계량기</b>동파방지,5300,,https://smartstore.naver.com/main/products/9666263801,우성전업사
2024-12-11,[오너클랜] 수도 동파방지 커버 단열재 재 동파 <b>수도계량기</b>,5310,,https://www.lotteon.com/p/product/LI2654137048?sitmNo=LI2654137048_1&ch_no=100065&ch_dtl_no=1000030&entryPoint=pcs&dp_infw_cd=CHT,롯데ON
2024-12-11,[오너클랜] 수도꼭지 동파방지 수도덮개 동파방지커버 <b>수도계량기</b>,5340,,https://www.lotteimall.com/coop/affilGate.lotte?chl_no=141370&chl_dtl_no=2540914&returnUrl=/goods/viewGoodsDetail.lotte?goods_no=2618943672,롯데홈쇼핑
2024-12-11,수도꼭지 동파방지 수도덮개 동파방지커버 <b>수도계량기</b>,5347,,https://affiliate.homeplus.co.kr/external/bridge?channelId=1000006&targetUrl=https%3A%2F%2Ffront.homeplus.co.kr%2Fitem%3FitemNo%3D10000303848693%26storeType%3DDS,홈플러스
2024-12-11,수도꼭지 동파방지 수도덮개 동파방지커버 <b>수도계량기</b>,5347,,https://affiliate.homeplus.co.kr/external/bridge?channelId=1000006&targetUrl=https%3A%2F%2Ffront.homeplus.co.kr%2Fitem%3FitemNo%3D10000303831873%26storeType%3DDS,홈플러스
2024-12-11,겨울철 야외 수도 동파방지 보온주머니 <b>수도계량기</b> 꼭지,5350,,https://smartstore.naver.com/main/products/9370930026,착한-사람들
2024-12-11,동파방지커버 <b>수도계량기</b> 수도꼭지 동파방지 수도덮개,5360,,https://smartstore.naver.com/main/products/11179945088,웰리스업
2024-12-11,동파방지커버 <b>수도계량기</b> 수도꼭지 동파방지 수도덮개,5360,,https://smartstore.naver.com/main/products/11135583761,다말
2024-12-11,[오너클랜] 수도 동파방지 커버 단열재 재 동파 <b>수도계량기</b>,5400,,https://www.lotteimall.com/coop/affilGate.lotte?chl_no=141370&chl_dtl_no=2540914&returnUrl=/goods/viewGoodsDetail.lotte?goods_no=2648507979,롯데홈쇼핑
2024-12-11,<b>수도계량기</b>내함,5430,,https://no1piping.co.kr/product/detail.html?product_no=727&cate_no=33&display_group=1&cafe_mkt=naver_ks&mkt_in=Y&ghost_mall_id=naver&ref=naver_open,넘버원배관자재
2024-12-11,동파방지 수도덮개 수도꼭지 동파방지커버 <b>수도계량기</b>,5440,,https://smartstore.naver.com/main/products/10201983244,라온클럽
2024-12-11,동파방지커버 수도덮개 <b>수도계량기</b> 동파방지 수도꼭지,5440,,https://smartstore.naver.com/main/products/10512663176,찌니LifeMall
2024-12-11,삼미호 동파방지 센서 <b>수도계량기</b>동파방지,5440,,https://smartstore.naver.com/main/products/10139348261,삼꼬리
2024-12-11,(현대Hmall) 수도 동파방지 커버 재 배관동파 <b>수도계량기</b>,5450,,https://www.lotteon.com/p/product/LO2375831136?sitmNo=LO2375831136_2375831137&ch_no=100065&ch_dtl_no=1000030&entryPoint=pcs&dp_infw_cd=CHT,롯데ON
2024-12-11,<b>수도계량기</b>보온재 보온덮개 수도용pe관 물탱크보온 보온재,5500,,https://smartstore.naver.com/main/products/11013595544,쇼핑1스푼
2024-12-11,배관보온재 파이프보온재 수도 동파방지커버 <b>수도계량기</b> 관,5500,,https://smartstore.naver.com/main/products/6149475376,재창조
2024-12-11,<b>수도계량기</b> 보온커버 보온덮개 보온재 수도 동파방지 방수,5500,,https://smartstore.naver.com/main/products/10443778463,아시아토몰
2024-12-11,신성기업 히터선(일반형PVC) 센서형1M<b>수도계량기</b>동파방지,5500,,https://smartstore.naver.com/main/products/9665993447,우성전업사
2024-12-11,수도꼭지 <b>수도계량기</b> 옥외 동파방지 커버 중형,5510,,https://smartstore.naver.com/main/products/9042309739,하나 둘이랑
